amount,timestamp
7469055941,1603697920
7469032075,1603697011
7468969022,1603695210
7468934039,1603694575
7468882555,1603693549
7468719215,1603691347
7468661471,1603690721
7468582987,1603689730
7468390437,1603688002
7468330293,1603687427
7468186405,1603686449
7467808868,1603684266
7467684555,1603683607
7467458719,1603682585
7466950556,1603680626
7466796118,1603680083
7466567073,1603679207
7465946832,1603677064
7465010431,1603674382
7463475383,1603669757
7463243483,1603669140
7462840923,1603668072
7462123462,1603666145
7461907440,1603665517
7461536546,1603664587
7460789158,1603662590
7460506525,1603661907
7460104358,1603660843
7459317801,1603658948
7459075730,1603658323
7458666997,1603657386
7457869380,1603655347
7457625042,1603654658
7457227371,1603653629
7456565656,1603651873
7456323778,1603651253
7455970643,1603650170
7455155592,1603648138
7454869661,1603647427
7454477214,1603646441
7453717965,1603644699
7453170623,1603643470
7452129979,1603641097
7451782354,1603640379
7451463876,1603639336
7450933153,1603637354
7450746515,1603636705
7450550502,1603635772
7450159966,1603633739
7450031566,1603633041
7449885798,1603632064
7449614137,1603630024
7449496810,1603628907
7449323896,1603626544
7449285036,1603625854
7449236456,1603624861
7449156916,1603623006
7449140205,1603622393
7449117259,1603621440
7449074913,1603619434
7449062190,1603618756
7449043364,1603617730
7447645777,1603615754
7446894379,1603615164
7446863244,1603614298
7447227869,1603612141
7447213890,1603611497
7447174595,1603610571
7447095466,1603608713
7447073046,1603608099
7447028737,1603607102
7446895535,1603604944
7446857041,1603604269
7446790556,1603603282
7446614852,1603601500
7446549655,1603600920
7446430406,1603599985
7446102057,1603597842
7445987905,1603597177
7445793376,1603596139
7445383417,1603594136
7445266395,1603593560
7445073857,1603592712
7444519100,1603590608
7443813754,1603588022
7442196196,1603583345
7441943091,1603582702
7441507255,1603581648
7440580192,1603579816
7440258789,1603579085
7439859732,1603578159
7438933977,1603576159
7438642955,1603575474
7438185550,1603574445
7437454892,1603572566
7437208523,1603571888
7436897330,1603570964
7436206984,1603568956
7435924380,1603568220
7435572303,1603567188
7434921313,1603565432
7434713580,1603564819
7434333843,1603563764
7433648373,1603561757
7433375865,1603561012
7433040225,1603560050
7432350977,1603558257
7431817302,1603557017
7431027546,1603554692
7430829075,1603553956
7430518222,1603552931
7429909091,1603550957
7429723617,1603550291
7429493747,1603549349
7429013257,1603547346
7428862025,1603546638
7428677799,1603545650
7428336258,1603543579
7428198270,1603542497
7427943519,1603540143
7427881332,1603539439
7427814651,1603538445
7427721848,1603536590
7427700593,1603535950
7427668158,1603535009
7426830733,1603533030
7426181978,1603532352
7426165236,1603531327
7425337799,1603529357
7425324723,1603528741
163547895,1603527872
7425725677,1603525753
7425711390,1603525073
7425682665,1603524142
7425615649,1603522278
7425589607,1603521671
7425534133,1603520672
7425397990,1603518548
7425349244,1603517862
7425271028,1603516873
7425096899,1603515038
7425026956,1603514466
7424891165,1603513536
7424542919,1603511430
7424312510,1603510762
7424047448,1603509728
7423390981,1603507744
7423165672,1603507127
7422862634,1603506222
7422021671,1603504066
7420868997,1603501431
7419017296,1603496959
7418809509,1603496286
7418408192,1603495256
7417802629,1603493345
7417602687,1603492695
7417343022,1603491771
7416655425,1603489761
7416452833,1603489099
7416079079,1603488052
7415360141,1603486156
7415110444,1603485509
7414696935,1603484595
7413830092,1603482543
7413551369,1603481845
7413176980,1603480802
7412476068,1603479038
7412255337,1603478440
7411869803,1603477380
7411098640,1603475356
7410863244,1603474635
7410508530,1603473649
7409754410,1603471879
7409270477,1603470637
7408384261,1603468290
7408017899,1603467572
7407561367,1603466550
7406865800,1603464568
7406690070,1603463919
7406456591,1603463001
7405962962,1603460954
7405834961,1603460278
7405697064,1603459539
7405364822,1603457990
7405175382,1603456768
7404804005,1603453739
7404750587,1603453056
7404667197,1603452052
7404568800,1603450176
7404537188,1603449563
7404502434,1603448645
7404366849,1603446625
7404348936,1603445965
7403153571,1603444937
7402257497,1603442968
163077100,1603442420
163061205,1603441565
7402879201,1603439339
7402862118,1603438663
7402837070,1603437755
7402738811,1603435878
7402705321,1603435279
7402656316,1603434288
7402482292,1603432149
7402417883,1603431464
7402311650,1603430481
7401979078,1603428656
7401849691,1603428075
7401675041,1603427171
7400937013,1603425006
7400642796,1603424356
7400095438,1603423326
7398463447,1603421346
7398004505,1603420721
7397279669,1603419833
7395562321,1603417675
7394144022,1603415060
7392659921,1603410538
7392468996,1603409881
7392133427,1603408858
7391455629,1603406936
7391244581,1603406267
7390969438,1603405360
7390269215,1603403345
7390040260,1603402670
7389684025,1603401635
7388989132,1603399750
7388724864,1603399097
7388394392,1603398177
7387678240,1603396147
7387450219,1603395430
7387089663,1603394392
7386342567,1603392627
7386107928,1603392034
7385752143,1603390989
7384975932,1603388944
7384666571,1603388231
7384303066,1603387283
7383504159,1603385147
7383147812,1603384171
7382239020,1603381870
7381939117,1603381157
7381617614,1603380183
7380971706,1603378163
7380746191,1603377515
7380518908,1603376587
7380054752,1603374548
7379938461,1603373861
7379787031,1603372901
7379482318,1603370837
7379327536,1603369746
7379108117,1603367348
7379054506,1603366644
7378995344,1603365646
7378875043,1603363763
7378846809,1603363138
7378823486,1603362224
7378700893,1603360210
7378687846,1603359558
7377835598,1603358519
7376490265,1603356549
7376482459,1603355981
7363829949,1603305637
7363402348,1603304587
7362570331,1603302541
7362288343,1603301800
7361976715,1603300850
7361291570,1603298780
7360988851,1603297787
7360243973,1603295452
7359945006,1603294778
7359663193,1603293794
7359019898,1603291751
7358800665,1603291135
7358452610,1603290259
7357928189,1603288148
7357775680,1603287434
7357554420,1603286478
7357237502,1603284418
7357110658,1603283332
7356867443,1603280944
7356822764,1603280221
7356756575,1603279236
7356610532,1603277362
7356579030,1603276731
7356540158,1603275812
7356439865,1603273803
7356416891,1603273141
7356085879,1603272116
7353897293,1603270150
7353886438,1603269543
162025268,1603268699
7354576383,1603266581
7354554601,1603265862
7354526948,1603264987
7354465438,1603263036
7354443861,1603262464
7354389341,1603261544
7354233101,1603259337
7354180150,1603258630
7354094651,1603257664
7353861776,1603255761
7353789302,1603255181
7353662132,1603254288
7353288245,1603252183
7353255643,1603251986
7352865048,1603250501
7352235527,1603248553
7352037088,1603247962
7351746898,1603247005
7350875297,1603244756
7349908311,1603242128
7348055305,1603237750
7347786289,1603237041
7347450583,1603236026
7346794073,1603234147
7346510152,1603233379
7346140699,1603232399
7345427954,1603230551
7345181483,1603229860
7344812533,1603228844
7343926896,1603226969
7343642371,1603226267
7343194037,1603225338
7342338952,1603223347
7342032631,1603222601
7341663339,1603221568
7340918914,1603219816
7340725914,1603219416
7340254706,1603218153
7339452299,1603216145
7339133138,1603215395
7338723788,1603214451
7338113773,1603212783
7337930385,1603212256
7337547882,1603211269
7336693992,1603209074
7336495443,1603208392
7336114287,1603207358
7335523431,1603205356
7335344288,1603204704
7335117752,1603203814
7334528394,1603201752
7334219341,1603200088
7333809589,1603197976
7333672419,1603196910
7333421922,1603194550
7333357844,1603193814
7333285029,1603192829
7333180505,1603190948
7333149203,1603190299
7333115403,1603189370
7333000526,1603187394
7332988074,1603186725
7332493413,1603185711
7330586385,1603183753
7330578011,1603183154
7330565331,1603182318
7331179187,1603180150
7331141082,1603179439
7331078314,1603178510
7331001453,1603176618
7330980058,1603176046
7330933890,1603175063
7330735631,1603172956
7330672317,1603172216
7330555917,1603171264
7330331284,1603169361
7330247938,1603168742
7330104058,1603167868
7329688856,1603165767
7329520072,1603165114
7329253450,1603164106
7328217079,1603162162
7328027243,1603161475
7327719000,1603160580
7326989400,1603158377
7325932483,1603155736
7324397243,1603151345
7324114400,1603150611
7323718723,1603149612
7323065570,1603147750
7322727257,1603147022
7322342436,1603146076
7321692748,1603144139
7321421244,1603143451
7321080337,1603142446
7320321070,1603140539
7320142849,1603140078
7319690599,1603138943
7318845903,1603136955
7318531158,1603136135
7318098120,1603135158
7317421216,1603133380
7317228015,1603132789
7316883913,1603131760
7315946977,1603129739
7315653489,1603128943
7315338318,1603128041
7314767226,1603126304
7314629346,1603125776
7314342789,1603124826
7313571020,1603122621
7313307335,1603121928
7313015241,1603120942
7312326161,1603118963
7312135988,1603118300
7311935461,1603117430
7311497998,1603115362
7311369602,1603114624
7311234340,1603113696
7310918869,1603111561
7310799236,1603110501
7310551078,1603108141
7310472427,1603107398
7310407369,1603106418
7310324669,1603104552
7310302428,1603103900
7310271608,1603102960
7310165419,1603100979
7310151230,1603100334
7310137913,1603099588
7307807407,1603097358
7307786315,1603095911
7307983120,1603093743
7307971946,1603093040
7307946825,1603092127
7307881609,1603090196
7307859086,1603089634
7307822616,1603088669
7307701327,1603086553
7307660593,1603085814
7307600913,1603084860
7307452979,1603082945
7307396948,1603082344
7307303224,1603081452
7306987725,1603079350
7306892718,1603078705
7306699363,1603077675
7306334742,1603075759
7306188144,1603075071
7305963468,1603074182
7305443173,1603071968
7304762560,1603069371
7303522420,1603064941
7303342305,1603064196
7303071436,1603063207
7302520527,1603061351
7302285576,1603060611
7301977332,1603059651
7301344649,1603057762
7301087488,1603057005
7300784932,1603056000
7300273798,1603054152
7300105842,1603053444
7299801830,1603052542
7299237471,1603050544
7299038083,1603049775
7298750434,1603048774
7298149073,1603046953
7297975235,1603046358
7297675054,1603045316
7297111302,1603043347
7296876378,1603042533
7296643582,1603041577
7296180959,1603039787
7296002027,1603039260
7295769222,1603038362
7295090563,1603036165
7294905791,1603035459
7294610622,1603034441
7294059696,1603032547
7293923933,1603031843
7293755553,1603030907
7293450145,1603028959
7293355618,1603028138
7293257032,1603027200
7293091801,1603025564
7293051326,1603025008
7292954691,1603024013
,1603019989
7292716495,1603018144
7292699014,1603017447
7292681906,1603016516
7292644008,1603014540
7292635850,1603013872
7292624267,1603012867
7290509970,1603010967
7290502737,1603010260
7290492222,1603009397
7290845699,1603007352
7290831967,1603006602
7290808942,1603005693
7290750740,1603003765
7290729867,1603003187
7290688918,1603002217
7290585351,1603000147
7290537046,1602999378
7290482468,1602998423
7290350827,1602996540
7290303007,1602995924
7290180081,1602995022
7289948784,1602992942
7289883701,1602992293
7289750143,1602991260
7289413691,1602989366
7289291317,1602988659
7289123497,1602987786
7288651241,1602985525
7288145591,1602983015
7287046443,1602978550
7286884541,1602977780
7286655009,1602976793
7286143084,1602974938
7285952516,1602974194
7285673345,1602973234
7284999897,1602971357
7284732079,1602970611
7284446502,1602969592
7283890785,1602967763
7283647213,1602967031
7283374915,1602966120
7282740733,1602964150
7282531880,1602963378
7282205633,1602962351
7281615116,1602960539
7281411817,1602959947
7281072885,1602958928
7280465384,1602956947
7280220952,1602956136
7279973340,1602955180
7279402196,1602953385
7279229908,1602952834
7278977909,1602951939
7278264174,1602949761
7278053101,1602949050
7277719549,1602948035
7277252026,1602946143
7277083531,1602945412
7276877442,1602944502
7276463788,1602942548
7276312120,1602941732
7276158408,1602940797
7275891392,1602939158
7275816566,1602938607
7275706123,1602937611
7275505604,1602935354
7275450260,1602934550
7275384051,1602933579
7275287566,1602931744
7275265784,1602931050
7275239546,1602930112
7275194029,1602928152
7275182693,1602927454
7275163685,1602926470
7273615581,1602924562
7272964347,1602923857
7272948355,1602922986
7273513302,1602920947
7273495875,1602920185
7273459779,1602919254
7273391173,1602917353
7273367753,1602916778
7273326227,1602915796
7273215539,1602913741
7273166157,1602912968
7273084592,1602912012
7272885789,1602910154
7272727592,1602909511
7272559413,1602908639
7272181749,1602906541
7272066992,1602905865
7271883125,1602904869
7271475461,1602902947
7271312812,1602902280
7271144110,1602901526
7270622784,1602899781
7270389000,1602899028
7269448035,1602896448
7267774344,1602892143
7267486969,1602891363
7267182234,1602890376
7266584816,1602888545
7266246682,1602887782
7265936362,1602886849
7265260467,1602884937
7265007360,1602884150
7264671967,1602883189
7264001366,1602881341
7263693917,1602880637
7263358075,1602879741
7262640987,1602877752
7262359937,1602876960
7262045205,1602875958
7261359675,1602874148
7261095714,1602873495
7260722484,1602872469
7260049885,1602870547
7259783472,1602869729
7259459911,1602868805
7258908069,1602867013
7258713548,1602866487
7258424897,1602865589
7257742328,1602863387
7257531330,1602862704
7257212961,1602861733
7256553634,1602859741
7256342679,1602858973
7256155291,1602858179
7255687339,1602856141
7255487469,1602855357
7255312630,1602854563
7254942259,1602853056
7254784429,1602851900
7254480025,1602848948
7254416907,1602848151
7254360918,1602847203
7254242600,1602845342
7254213147,1602844658
7254177339,1602843734
7254116992,1602841745
7254093180,1602841091
7253999073,1602840098
7252231757,1602838156
7251941183,1602837532
7251925142,1602836677
7252712069,1602834539
7252690345,1602833795
7252668425,1602832875
7252585696,1602830956
7252561887,1602830392
7252498958,1602829424
7252352938,1602827350
7252294216,1602826572
7252221562,1602825617
7252020714,1602823751
7251927753,1602823116
7251807473,1602822255
7251431785,1602820151
7251272661,1602819465
7251019727,1602818456
7250387499,1602816540
7250134904,1602815919
7249820021,1602815163
7249001916,1602813413
7248648687,1602812652
7247498667,1602810091
7245708235,1602805755
7245418556,1602804957
7245079692,1602804020
7244420744,1602802145
7244144196,1602801385
7243850797,1602800451
7243230690,1602798553
7242937217,1602797778
7242564722,1602796769
7241833339,1602794951
7241554919,1602794201
7241209449,1602793339
7240441104,1602791350
7240124204,1602790571
7239733479,1602789560
7238964595,1602787749
7238775323,1602787162
7238367254,1602786148
7237393132,1602784145
7237096840,1602783362
7236759680,1602782470
7236060690,1602780615
7235888032,1602780097
7235582495,1602779185
7234840188,1602777059
7234619524,1602776361
7234289756,1602775409
7233571687,1602773400
7233303538,1602772698
7233058039,1602771847
7232547904,1602769744
7232383567,1602769031
7232192645,1602768037
7231881110,1602766468
7231795407,1602765914
7231655528,1602764891
7231361529,1602762575
7231270142,1602761756
7231162327,1602760793
7231038935,1602758948
7230972595,1602758258
7230936495,1602757341
7230874390,1602755347
7230856651,1602754700
7230831607,1602753704
7228757172,1602751760
7228625379,1602751093
7228605106,1602750254
7229349460,1602748142
7229328069,1602747392
7229298162,1602746469
7229190113,1602744561
7229146348,1602743994
7229085368,1602743032
7228887294,1602740959
7228780994,1602740151
7228637168,1602739123
7228277782,1602737337
7228132525,1602736688
7227877504,1602735818
7227009831,1602733737
7226678717,1602733036
7226080061,1602732047
7224836748,1602730145
7224370744,1602729475
7223799040,1602728728
7222368316,1602726952
7221878242,1602726202
7219935539,1602723620
7217019892,1602719352
7216529947,1602718548
7215906168,1602717567
7214855708,1602715742
7214377315,1602714967
7213857191,1602714052
7212825668,1602712143
7212367104,1602711379
7211893084,1602710392
7210915223,1602708540
7210517345,1602707824
7210079902,1602706960
7208848884,1602704950
7208341672,1602704168
7207736954,1602703165
7206553527,1602701354
7206217714,1602700768
7205541544,1602699756
7204298899,1602697741
7203873277,1602696922
7203335520,1602696002
7202295471,1602694228
7202034303,1602693701
7201509793,1602692805
7200186751,1602690638
7199837684,1602690026
7199337454,1602689020
7198164596,1602686964
7197907236,1602686354
7197506334,1602685404
7196867411,1602683359
7196659245,1602682567
7196409514,1602681623
7195912344,1602679968
7195772878,1602679433
7195605951,1602678462
7195243755,1602676156
7195159848,1602675330
7195067924,1602674371
7194904067,1602672540
7194852876,1602671831
7194803899,1602670935
7194729500,1602668984
7194709835,1602668428
7194690768,1602667825
7192803462,1602665374
7192301037,1602664877
7192274577,1602663824
7192870941,1602661751
7192846926,1602660987
7192818003,1602660096
7192709534,1602658141
7192671162,1602657570
7192590877,1602656607
7192392691,1602654554
7192302113,1602653737
7192184365,1602652823
7191854685,1602650937
7191724568,1602650286
7191527877,1602649392
7190910485,1602647346
7190669113,1602646631
7190289434,1602645646
7189340636,1602643746
7188819873,1602643063
7188398333,1602642216
7187530872,1602640416
7187064703,1602639527
7185769913,1602637181
7183157229,1602632948
7182615164,1602632146
7182122547,1602631163
7181120233,1602629355
7180633338,1602628557
7180071843,1602627627
7178822793,1602625747
7178304453,1602624989
7177666703,1602624012
7176413417,1602622143
7176024476,1602621396
7175667744,1602620539
7174705502,1602618545
7174294408,1602617775
7173830818,1602616740
7172907433,1602614938
7172519558,1602614300
7171969709,1602613354
7170857326,1602611345
7170452985,1602610528
7170002909,1602609592
7168988117,1602607757
7168635672,1602607212
7168141279,1602606339
7167027270,1602604217
7166847674,1602603888
7166437071,1602603117
7165322723,1602600722
7165052824,1602599927
7164839980,1602599167
7164230371,1602596959
7164070788,1602596245
7163847065,1602595216
7163497921,1602593579
7163401627,1602593045
7163225629,1602592078
7162932709,1602589751
7162860221,1602588926
7162772145,1602587982
7162658869,1602586152
7162620653,1602585420
7162558363,1602584503
7162497641,1602582542
7162482667,1602581846
7162448484,1602580937
7160819413,1602578960
7160271749,1602578261
7160248293,1602577439
7160792542,1602575351
7160767792,1602574558
7160742137,1602573648
7160655490,1602571752
7160617818,1602571143
7160554710,1602570201
7160401470,1602568148
7160322315,1602567328
7160209873,1602566406
7159925295,1602564537
7159801033,1602563856
7159649623,1602562976
7159105137,1602560945
7158917709,1602560219
7158698941,1602559241
7158091821,1602557336
7157862865,1602556649
7157485151,1602555803
7156620481,1602554008
7156222002,1602553123
7155043559,1602550781
7153030262,1602546544
7152715711,1602545734
7152311681,1602544751
7151582369,1602542948
7151230744,1602542171
7150852393,1602541251
7150130002,1602539354
7149724432,1602538578
7149250491,1602537608
7148353461,1602535738
7147982454,1602535002
7147434604,1602534117
7146439513,1602532152
7145987481,1602531378
7145470102,1602530332
7144713705,1602528545
7144475623,1602527899
7143989024,1602526923
7143145363,1602524961
7142811034,1602524150
7142373930,1602523163
7141655154,1602521347
7141411889,1602520751
7141114152,1602519883
7140326879,1602517765
7140043215,1602516917
7139789025,1602516075
7139139046,1602514153
7138931074,1602513424
7138676596,1602512531
7138246280,1602510544
7138111523,1602509726
7137934882,1602508812
7137647924,1602507111
7137584400,1602506583
7137467352,1602505616
7137200034,1602503340
7137144387,1602502525
7137076708,1602501566
7137003503,1602499743
7136975800,1602499002
7136943751,1602498099
7136902533,1602496141
7136887979,1602495435
7136803580,1602494468
7135413509,1602492554
7134868736,1602491855
7134857485,1602491024
7135081472,1602488955
7135058510,1602488154
7135026198,1602487249
7134953537,1602485348
7134933617,1602484759
7134871878,1602483817
7134738013,1602481742
7134676160,1602480913
7134602373,1602480005
7134432015,1602478148
7134358741,1602477451
7134250202,1602476571
7133991768,1602474557
7133833031,1602473816
7133642429,1602472828
7133201069,1602470940
7133038848,1602470236
7132825451,1602469395
7132365901,1602467604
7132105379,1602466707
7131373867,1602464380
7129983292,1602460158
7129700872,1602459329
7129386043,1602458341
7128769849,1602456547
7128502335,1602455746
7128191005,1602454805
7127504623,1602452942
7127190277,1602452139
7126825003,1602451172
7126225128,1602449354
7125935777,1602448583
7125665224,1602447682
7125014988,1602445742
7124735755,1602444980
7124343980,1602443925
7123712735,1602442154
7123477639,1602441451
7123097390,1602440460
7122311314,1602438559
7122022233,1602437742
7121609313,1602436721
7120961693,1602434953
7120780175,1602434256
7120497653,1602433406
7119946165,1602431370
7119689943,1602430563
7119436746,1602429604
7119001529,1602427747
7118845775,1602426955
7118702088,1602426076
7118364591,1602424166
7118225756,1602423332
7118088257,1602422343
7117890964,1602420609
7117837500,1602420082
7117755858,1602419154
7117599816,1602416944
7117560610,1602416126
7117518572,1602415116
7117461983,1602413353
7117444484,1602412559
7117427274,1602411628
7117400260,1602409747
7117387908,1602408972
7117370024,1602408008
7116243549,1602406155
7115477165,1602405389
7115461160,1602404521
7115729672,1602402541
7115716958,1602401737
7115697329,1602400839
7115646821,1602398956
7115619151,1602398313
7115574935,1602397367
7115458012,1602395350
7115396924,1602394519
7115345299,1602393582
7115190423,1602391759
7115132017,1602391045
7115031898,1602390145
7114815732,1602388146
7114729728,1602387402
7114589623,1602386424
7114271496,1602384562
7114154075,1602383820
7113985257,1602382979
7113614919,1602381224
7113466487,1602380503
7112907084,1602378057
7111856799,1602373749
7111662269,1602372916
7111413451,1602371932
7110914250,1602370159
7110714684,1602369332
7110433658,1602368380
7109832539,1602366548
7109602835,1602365723
7109277166,1602364756
7108633069,1602362936
7108342890,1602362163
7108020384,1602361268
7107332105,1602359341
7107063720,1602358589
7106610681,1602357505
7105974159,1602355750
7105723540,1602355039
7105352470,1602354078
7104596392,1602352165
7104248963,1602351332
7103868386,1602350310
7103128103,1602348556
7102874831,1602347862
7102473533,1602346982
7101721956,1602344968
7101456719,1602344137
7101142024,1602343179
7100566153,1602341350
7100360039,1602340551
7100158609,1602339660
7099747257,1602337744
7099601012,1602336946
7099436527,1602335929
7099127353,1602334157
7099042976,1602333640
7098932487,1602332739
7098752659,1602330539
7098703106,1602329739
7098653285,1602328723
7098554796,1602326957
7098531003,1602326129
7098505997,1602325226
7098466576,1602323357
7098447051,1602322561
7098428102,1602321612
7097106551,1602319758
7096411385,1602318987
7096396572,1602318099
7096888604,1602316146
7096872771,1602315319
7096846970,1602314414
7096774637,1602312543
7096733046,1602311886
7096689412,1602310950
7096551467,1602308950
7096500016,1602308123
7096425610,1602307158
7096257241,1602305336
7096170578,1602304628
7096053042,1602303730
7095726480,1602301753
7095604216,1602300973
7095421894,1602300023
7094944831,1602298154
7094731040,1602297391
7094511401,1602296521
7093923731,1602294702
7093623495,1602293713
7092690185,1602291475
7091154437,1602287346
7090918052,1602286535
7090629407,1602285532
7090030439,1602283742
7089781076,1602283022
7089729312,1602282863
7088829330,1602280154
7088593333,1602279577
7088110096,1602278382
7087413176,1602276551
7087162461,1602275778
7086817577,1602274903
7086102053,1602272942
7085829096,1602272194
7085479933,1602271120
7084771659,1602269351
7084489658,1602268634
7084143614,1602267681
7083421462,1602265776
7083062626,1602264946
7082704008,1602263956
7082057144,1602262158
7081806715,1602261495
7081490775,1602260673
7080657898,1602258559
7080269317,1602257694
7079945605,1602256821
7079215921,1602254953
7079020167,1602254178
7078787413,1602253302
7078256860,1602251350
7078079804,1602250543
7077886035,1602249606
7077638986,1602248120
7077503432,1602247042
7077217216,1602244140
7077153828,1602243338
7077093431,1602242342
7077000717,1602240540
7076981441,1602239770
7076954952,1602238880
7076911988,1602236950
7076894957,1602236163
7076880788,1602235224
7075535986,1602233340
7074947230,1602232618
7074935962,1602231783
7075718500,1602229752
7075700690,1602228921
7075682665,1602228018
7075633210,1602226147
7075606175,1602225474
7075569142,1602224544
7075442902,1602222559
7075372612,1602221731
7075288635,1602220772
7075104456,1602218943
7075004380,1602218230
7074893206,1602217362
7074600098,1602215351
7074460086,1602214552
7074282264,1602213621
7073783975,1602211761
7073546811,1602210971
7073313137,1602210128
7072675035,1602208294
7072391812,1602207296
7071511933,1602205058
7069917462,1602200941
7069568968,1602200136
7069258045,1602199117
7068714439,1602197345
7068470679,1602196531
7068124326,1602195603
7067510381,1602193744
7067256561,1602192911
7066941310,1602191971
7066203014,1602190149
7065941024,1602189356
7065613489,1602188485
7064825297,1602186551
7064577185,1602185795
7064221510,1602184723
7063524486,1602182955
7063241468,1602182219
7062895008,1602181263
7062236374,1602179351
7061985482,1602178547
7061699784,1602177576
7061045799,1602175769
7060825698,1602175062
7060494291,1602174219
7059697016,1602172160
7059387439,1602171375
7059040606,1602170435
7058386360,1602168544
7058067962,1602167774
7057811486,1602166894
7057288191,1602164951
7057066348,1602164143
7056818392,1602163167
7056434749,1602161427
7056339663,1602160903
7056205020,1602159990
7055919263,1602157744
7055854194,1602156941
7055756680,1602155914
7055642742,1602154148
7055597516,1602153345
7055552240,1602152470
7055490448,1602150548
7055469162,1602149754
7055370077,1602148803
7053496548,1602146944
7053480927,1602146132
155777505,1602145205
7054146610,1602143349
7054122562,1602142494
7054075530,1602141448
7054004755,1602139745
7053958315,1602138888
7053890706,1602137939
7053717701,1602136150
7053604551,1602135299
7053416357,1602134158
7053057611,1602132550
7052962082,1602132086
7052501194,1602130729
7051603728,1602128943
7051035411,1602128115
7049928760,1602127005
7047767146,1602125349
7046604509,1602124500
7045924311,1602123531
7044184666,1602121737
7043226373,1602120945
7042642037,1602120053
7041979840,1602118063
7040573420,1602114551
7040218876,1602113702
7039782642,1602112560
7039189308,1602110960
7038937806,1602110112
7038559797,1602109007
7037990980,1602107348
7037713086,1602106527
7037333432,1602105549
7036661193,1602103747
7036385989,1602102949
7036058958,1602102075
7035353107,1602100151
7035089132,1602099394
7034697388,1602098317
7033966526,1602096549
7033677275,1602095813
7033209139,1602094904
7032366559,1602092964
7032069619,1602092142
7031671461,1602091127
7030800779,1602089345
7030443711,1602088653
7030102770,1602087802
7029042391,1602085758
7028709531,1602084962
7028356674,1602084082
7027625324,1602082151
7027360622,1602081365
7027130748,1602080499
7026711279,1602078551
7026550353,1602077751
7026365398,1602076759
7026081472,1602074985
7026004040,1602074458
7025890171,1602073567
7025671844,1602071338
7025597286,1602070545
7025541193,1602069521
7025422000,1602067749
7025388817,1602066926
7025364157,1602066048
7025315081,1602064149
7025296917,1602063336
7025205083,1602062405
7023742366,1602060548
7023110723,1602059782
7023096699,1602058931
7024036557,1602056948
7024011889,1602056119
7023986729,1602055253
7023915682,1602053349
7023882483,1602052663
7023833506,1602051762
7023710343,1602049755
7023654109,1602048931
7023567357,1602047969
7023346299,1602046143
7023257295,1602045396
7023136128,1602044509
7022847297,1602042553
7022638897,1602041725
7022432936,1602040816
7021845425,1602038960
7021554913,1602038165
7021300935,1602037321
7020699053,1602035465
7020299610,1602034417
7019501807,1602032234
7018106500,1602028155
7017862262,1602027340
7017576325,1602026309
7016954564,1602024554
7016721118,1602023727
7016389848,1602022792
7015691714,1602020959
7015366712,1602020127
7015052504,1602019137
7014444585,1602017346
7014167482,1602016534
7013933321,1602015673
7013277466,1602013744
7013049973,1602012993
7012714786,1602011917
7012059829,1602010147
7011796654,1602009396
7011499908,1602008478
7010741747,1602006555
7010518854,1602005758
7010140559,1602004685
7009553641,1602002941
7009344111,1602002228
7009066066,1602001366
7008493391,1601999342
7008308396,1601998558
7008084187,1601997613
7007449498,1601995750
7007247499,1601995041
7007022479,1601994211
7006570861,1601992152
7006408699,1601991367
7006228340,1601990341
7005959377,1601988548
7005884541,1601988022
7005780429,1601987130
7005571325,1601984948
7005510013,1601984149
7005450170,1601983102
7005370396,1601981358
7005339824,1601980524
7005313038,1601979625
7005268997,1601977752
7005254475,1601976929
7005171984,1601975999
7003516739,1601974155
7003132695,1601973382
7003120389,1601972622
7003541931,1601970551
7003517660,1601969977
7003492329,1601968794
7003432899,1601966955
7003393642,1601966249
7003362012,1601965348
7003226812,1601963367
7003175091,1601962539
7003103637,1601961543
7002928821,1601959753
7002836569,1601958969
7002735353,1601958119
7002384191,1601956148
7002223531,1601955311
7002056780,1601954381
7001618567,1601952550
7001415523,1601951761
7001171372,1601950905
7000593860,1601949029
7000267613,1601947963
6999530914,1601945799
6998204986,1601941757
6997927407,1601940937
6997649881,1601939883
6997007957,1601938163
6996746320,1601937339
6996374168,1601936370
6995835480,1601934553
6995627292,1601933716
6995322201,1601932726
6994777730,1601930946
6994508535,1601930108
6994243765,1601929213
6993512758,1601927339
6993235678,1601926585
6992577339,1601925484
6991849534,1601923749
6991847997,1601922987
6991700828,1601922067
6990952016,1601920148
6990659892,1601919333
6990326239,1601918316
6989693144,1601916545
6989469093,1601915795
6989256883,1601914957
6988638860,1601912939
6988423646,1601912109
6988178146,1601911184
6987621433,1601909348
6987421044,1601908558
6987203676,1601907769
6986804491,1601905745
6986661706,1601904961
6986513739,1601903941
6986269162,1601902148
6986232429,1601901606
6986170325,1601900741
6986018930,1601898541
6985985198,1601897742
6985920719,1601896690
6985871761,1601894953
6985847784,1601894126
6985830657,1601893226
6985787851,1601891342
6985775398,1601890509
6985763490,1601889581
6983694374,1601887749
6983669768,1601886950
6983657864,1601886097
6983838867,1601884144
6983825715,1601883337
6983804350,1601882397
6983752781,1601880551
6983728168,1601879837
6983700454,1601878921
6983588460,1601876944
6983548536,1601876135
6983484057,1601875134
6983349407,1601873352
6983278932,1601872558
6983179585,1601871713
6982772511,1601869742
6982608865,1601868905
6982471029,1601867978
6982180335,1601866145
6982033379,1601865357
6981850874,1601864496
6981407287,1601862639
6981132497,1601861589
6980587151,1601859424
6979500107,1601855360
6979269121,1601854537
6978996186,1601853479
6978446974,1601851756
6977848438,1601849944
6977300661,1601848153
6977080506,1601847334
6976779821,1601846329
6976187079,1601844545
6975936615,1601843710
6975701592,1601842843
6975114682,1601840950
6974865571,1601840172
6974537016,1601839086
6973963470,1601837344
6973676018,1601836533
6973369251,1601835611
6972868331,1601833755
6972631598,1601832934
6972336378,1601831857
6971875085,1601830153
6971642411,1601829352
6971486423,1601828490
6971053247,1601826545
6970878202,1601825712
6970651749,1601824719
6970253580,1601822963
6970096674,1601822138
6969922581,1601821203
6969621860,1601819358
6969510995,1601818530
6969349146,1601817474
6969166679,1601815751
6969110411,1601815139
6969031784,1601814281
6968868633,1601812141
6968830793,1601811341
6968788327,1601810262
6968733730,1601808552
6968712106,1601807710
6968696338,1601806776
6968668673,1601804958
6968658844,1601804107
6968585221,1601803137
6967166002,1601801353
6966766584,1601800516
6966751641,1601799651
6967008362,1601797743
6966989493,1601796942
6966970325,1601796001
6966892031,1601794138
6966868864,1601793396
6966828769,1601792494
6966709445,1601790550
6966665878,1601789728
6966602037,1601788682
6966473627,1601786954
6966389447,1601786129
6966311854,1601785261
6966090650,1601783343
6965992211,1601782514
6965818732,1601781555
6965473759,1601779741
6965300282,1601778942
6965132581,1601778081
6964703413,1601776200
6964461604,1601775204
6963977100,1601773098
6962929583,1601768953
6962734625,1601768129
6962461057,1601767053
6962093546,1601765358
6961932182,1601764562
6961716467,1601763535
6961209466,1601761752
6961036355,1601760950
6960811905,1601759906
6960287179,1601758148
6960059942,1601757314
6959863220,1601756419
6959415279,1601754537
6959227279,1601753762
6958946481,1601752653
6958506343,1601750942
6958287828,1601750137
6958040856,1601749215
6957513282,1601747360
6957330472,1601746531
6957084397,1601745452
6956750402,1601743824
6956648807,1601743216
6956470439,1601742206
6956069603,1601740158
6955907048,1601739346
6955740009,1601738302
6955422773,1601736545
6955310135,1601735749
6955183134,1601734802
6954920373,1601732940
6954807395,1601732138
6954694158,1601731062
6954518171,1601729366
6954469681,1601728719
6954409794,1601727858
6954283976,1601725755
6954254185,1601724953
6954205011,1601723844
6954156332,1601722152
6954144591,1601721330
6954122379,1601720367
6954096212,1601718545
6954084227,1601717711
6954070722,1601716722
6952019073,1601714960
6952014064,1601714102
6952008572,1601713233
6952550343,1601711355
6952523158,1601710536
6952493303,1601709548
6952453611,1601707757
6952437833,1601706980
6952411556,1601706080
6952344358,1601704141
6952313385,1601703341
6952265779,1601702291
6952156967,1601700552
6952100698,1601699713
6952050507,1601698846
6951902073,1601696945
6951820083,1601696106
6951716807,1601695146
6951475214,1601693347
6951352206,1601692503
6951221762,1601691665
6950916810,1601689879
6950822875,1601689352
6950629302,1601688576
6950209044,1601686508
6949161855,1601682566
6948964563,1601681751
6948682208,1601680668
6948237473,1601678942
6948072183,1601678146
6947857582,1601677129
6947448236,1601675360
6947255292,1601674528
6946981389,1601673535
6946423497,1601671750
6946170164,1601670912
6945920873,1601670018
6945300574,1601668157
6945056810,1601667365
6944748371,1601666268
6944181782,1601664544
6943941347,1601663713
6943689259,1601662831
6943130815,1601660956
6942826731,1601660129
6942533664,1601659094
6942034972,1601657353
6941842098,1601656562
6941591049,1601655698
6941085829,1601653739
6940858819,1601652910
6940607681,1601651936
6940149879,1601650149
6939976780,1601649324
6939804237,1601648423
6939435525,1601646555
6939287902,1601645736
6939131834,1601644700
6938948748,1601643202
6938834572,1601642184
6938574071,1601639349
6938522731,1601638479
6938472076,1601637459
6938389003,1601635752
6938362888,1601634926
6938331334,1601633988
6938288190,1601632156
6938264160,1601631307
6938251404,1601630353
6936108178,1601628560
6936097110,1601627732
6936081735,1601626907
6936753359,1601624958
6936735696,1601624133
6936711888,1601623165
6936652340,1601621359
6936590939,1601620596
6936530356,1601619698
6936410918,1601617749
6936358977,1601616940
6936276889,1601615918
6936073479,1601614154
6935965600,1601613333
6935840567,1601612490
6935400276,1601610547
6935167019,1601609709
6934937627,1601608745
6934070094,1601606956
6933838169,1601606114
6933596300,1601605285
6933018987,1601603442
6932842386,1601602917
6932572942,1601602142
6931794390,1601600079
6930078294,1601596142
6929766480,1601595344
6929381407,1601594260
6928678072,1601592561
6928377954,1601591738
6928051027,1601590741
6927397378,1601588947
6927106200,1601588122
6926739975,1601587119
6926039425,1601585351
6925674658,1601584511
6925280909,1601583623
6924521003,1601581751
6924161498,1601580976
6923679704,1601579858
6922763973,1601578149
6922437655,1601577346
6921993068,1601576414
6921122601,1601574549
6920806010,1601573742
6920326665,1601572709
6919630822,1601570956
6919312104,1601570165
6918974851,1601569286
6918165842,1601567344
6917804824,1601566503
6917409856,1601565576
6916681261,1601563750
6915965764,1601562932
6915642442,1601562050
6915072102,1601560156
6914869730,1601559349
6914651755,1601558304
6914275075,1601556541
6914183909,1601555964
6914056230,1601555152
6913764532,1601552954
6913669776,1601552127
6913569998,1601551063
6913440039,1601549357
6913396307,1601548517
6913363207,1601547585
6913071395,1601545749
6911951688,1601544908
6911305500,1601543948
153004941,1601542155
152938614,1601541308
6912504854,1601540465
6912503807,1601538555
6912474701,1601537724
6912441604,1601536787
6912243648,1601534948
6912146721,1601534180
6912018704,1601533282
6911690257,1601531347
6911531569,1601530526
6911347961,1601529527
6910881564,1601527757
6910605498,1601526909
6910317765,1601526061
6908889817,1601524143
6908108907,1601523309
6907151232,1601522345
6905107079,1601520556
6904116754,1601519715
6902930850,1601518876
6900679348,1601516941
6899285382,1601515888
6896667713,1601513785
6891325098,1601509751
6890360737,1601508889
6889283459,1601507873
6887370752,1601506145
6886422439,1601505347
6885278860,1601504317
6882970037,1601502548
6881925927,1601501731
6880619666,1601500708
6878496308,1601498951
6877725352,1601498107
6876893449,1601497210
6875313717,1601495346
6874572612,1601494576
6873683261,1601493453
6872210613,1601491752
6871422177,1601490916
6870644738,1601489993
6868859304,1601488160
6868100876,1601487335
6867183644,1601486279
6865525552,1601484551
6864657494,1601483738
6863790990,1601482879
6861838476,1601480942
6861013343,1601480116
6859816353,1601479148
6858066508,1601477339
6857387163,1601476532
6856717485,1601475643
6855485705,1601473744
6855072206,1601472939
6854524817,1601471908
6853670266,1601470146
6853423865,1601469521
6853128535,1601468687
6852450427,1601466546
6852260141,1601465732
6852027032,1601464652
6851754379,1601462941
6851647578,1601462124
6851096974,1601461160
6848963769,1601459357
6847863430,1601458499
6847815083,1601457569
6847732069,1601455747
6847700937,1601454908
6847656999,1601454055
6848717139,1601452161
6848651647,1601451325
6848592154,1601450404
6848374357,1601448543
6848285493,1601447748
6848149034,1601446870
6847744650,1601444950
6847529869,1601444127
6847167504,1601443072
6846273783,1601441347
6845734068,1601440515
6845081582,1601439617
6842864127,1601437764
6841759814,1601436912
6840269720,1601435916
6836926639,1601434153
6835826544,1601433319
6834711358,1601432451
6832179584,1601430560
6831445549,1601430033
6830501276,1601429278
6829474329,1601427241
6826651742,1601423361
6826177320,1601422533
6825565625,1601421446
6824613702,1601419748
6824256542,1601418945
6823695834,1601417923
6822718641,1601416146
6822290023,1601415336
6821772539,1601414298
6820638804,1601412543
6820182924,1601411706
6819603567,1601410807
6818521903,1601408941
6818071507,1601408171
6817345257,1601407038
6816137581,1601405346
6815620525,1601404514
6814969427,1601403601
6813598554,1601401754
6813077583,1601400944
6812466328,1601399872
6811303837,1601398155
6810885192,1601397334
6810417885,1601396463
6809314979,1601394565
6808915533,1601393728
6808363431,1601392729
6807448856,1601390960
6807074202,1601390131
6806754153,1601389223
6806182921,1601387353
6805954191,1601386525
6805681620,1601385492
6805345178,1601383761
6805215110,1601383118
6805057723,1601382282
6804739214,1601380138
6804642396,1601379315
6804549726,1601378231
6804421369,1601376553
6804390863,1601375722
6804353202,1601374756
6804293136,1601372953
6804268726,1601372117
6804180167,1601371139
6802274759,1601369352
6802258513,1601368501
6802240159,1601367656
6802759075,1601365758
6802725881,1601364925
6802692217,1601363936
6802590206,1601362164
6802546847,1601361341
6802492595,1601360490
6802328812,1601358543
6802252524,1601357718
6802121879,1601356671
6801866271,1601354963
6801681226,1601354108
6801504918,1601353206
6801071779,1601351352
6800857993,1601350525
6800609189,1601349506
6799988885,1601347747
6799651411,1601346896
6799329055,1601346059
6798437665,1601344156
6798186990,1601343619
6797833770,1601342869
6796896524,1601340848
6794962337,1601336945
6794618264,1601336117
6794131838,1601335232
6792885124,1601332855
6791393322,1601329780
6790267541,1601327889
6789285589,1601326158
6788886637,1601325303
6788296615,1601324392
6787153934,1601322540
6786649047,1601321763
6786037353,1601320635
6785090342,1601318955
6784652828,1601318159
6783988752,1601317055
6782835167,1601315344
6782374335,1601314535
6781859908,1601313451
6781034195,1601311751
6780605119,1601310910
6780136939,1601310037
6779292954,1601308145
6778866603,1601307297
6778428422,1601306347
6777537529,1601304555
6777181075,1601303733
6776846324,1601302789
6776314400,1601300945
6776085098,1601300116
6775860482,1601299075
6775531895,1601297347
6775409119,1601296682
6775283099,1601295864
6775011556,1601293758
6774943902,1601292921
6774850720,1601291836
6774758266,1601290167
6774717854,1601289309
6774678398,1601288342
6774634817,1601286545
6774616580,1601285711
6774535004,1601284729
6772954841,1601282949
6772751754,1601282082
6772722227,1601281221
6772865240,1601279360
6772835689,1601278528
6772814864,1601277533
6772732789,1601275770
6772686169,1601274931
6772629307,1601274065
6772476824,1601272152
6772412110,1601271323
6772304638,1601270271
6772077118,1601268543
6771939203,1601267710
6771769152,1601266790
6771390197,1601264960
6771197320,1601264132
6770936112,1601263112
6770389246,1601261352
6770120777,1601260524
6769802143,1601259634
6769056021,1601257744
6768873982,1601257222
6768622725,1601256478
6767842583,1601254487
6766086522,1601250560
6765708606,1601249711
6765230792,1601248624
6764468278,1601246960
6764106482,1601246112
6763670828,1601245085
6762917701,1601243359
6762601171,1601242533
6762115989,1601241455
6761261232,1601239753
6760849355,1601238902
6760419814,1601237970
6759565611,1601236152
6759181635,1601235357
6758588417,1601234240
6757715339,1601232553
6757255972,1601231689
6756737493,1601230764
6755854409,1601228936
6755483781,1601228116
6755005536,1601227032
6754191348,1601225347
6753867438,1601224488
6753531066,1601223580
6752725258,1601221737
6752416754,1601220934
6751993576,1601219850
6751358794,1601218147
6751045897,1601217317
6750757717,1601216365
6750288366,1601214547
6750080486,1601213717
6749868296,1601212616
6749535405,1601210942
6749430090,1601210244
6749287276,1601209409
6749070675,1601207361
6748981432,1601206511
6748899157,1601205424
6748813953,1601203737
6748786780,1601202904
6748749661,1601201894
6748695439,1601200161
6748679685,1601199336
6748664385,1601198345
6747661362,1601196559
6747030422,1601195730
6747007765,1601194771
6747370311,1601192954
6747341176,1601192127
6747304121,1601191106
6747236688,1601189353
6747192787,1601188523
6747138435,1601187652
6747006289,1601185749
6746940268,1601184920
6746850964,1601183843
6746670577,1601182146
6746552520,1601181309
6746429370,1601180388
6746105139,1601178565
6745959395,1601177717
6745784030,1601176690
6745394422,1601174943
6745196445,1601174110
6744957829,1601173237
6744334676,1601171379
6744164859,1601170841
6743951388,1601170127
6743241251,1601168149
6741559749,1601164148
6741253689,1601163318
6740777552,1601162205
6739924099,1601160542
6739592174,1601159724
6739036591,1601158690
6738106048,1601156949
6737755893,1601156125
6737304740,1601155046
6736559804,1601153348
6736139691,1601152498
6735767227,1601151568
6734964073,1601149748
6734567890,1601148955
6734036904,1601147809
6733138358,1601146148
6732732709,1601145288
6732300421,1601144361
6731414481,1601142543
6731009220,1601141725
6730421120,1601140640
6729565753,1601138949
6729193634,1601138093
6728702139,1601137194
6727758655,1601135341
6727374834,1601134529
6726819403,1601133437
6726132416,1601131767
6725845997,1601130915
6725555124,1601129951
6725042710,1601128163
6724854323,1601127310
6724600610,1601126227
6724164504,1601124537
6724028112,1601123833
6723910494,1601123021
6723610195,1601120958
6723541834,1601120109
6723447172,1601118994
6723357578,1601117359
6723325431,1601116542
6723280092,1601115488
6723232745,1601113761
6723210723,1601112929
6723192227,1601111891
6722097191,1601110158
6721378226,1601109331
6721359639,1601108369
6721787558,1601106556
6721760212,1601105701
6721724958,1601104684
6721656589,1601102957
6721619369,1601102101
6721506209,1601101234
6721372263,1601099344
6721299168,1601098517
6721208746,1601097442
6721017456,1601095743
6720911265,1601094909
6720788295,1601093987
6720445931,1601092142
6720257874,1601091316
6719998876,1601090295
6719500600,1601088561
6719296714,1601087711
6719015641,1601086800
6718423206,1601084961
6718197136,1601084256
6717975107,1601083539
6717180351,1601081563
6715722753,1601077746
6715447435,1601076914
6715097419,1601075828
6714461468,1601074143
6714127732,1601073320
6713763882,1601072291
6712952290,1601070543
6712554909,1601069715
6712092615,1601068697
6711197335,1601066944
6710838780,1601066092
6710458857,1601065183
6709583164,1601063348
6709157045,1601062552
6708472411,1601061423
6707678328,1601059746
6707303527,1601058893
6706834188,1601057994
6705904820,1601056138
6705537897,1601055316
6705036387,1601054228
6704260387,1601052562
6703766582,1601051698
6703342906,1601050798
6702228134,1601048940
6701786779,1601048116
6701261693,1601047087
6700470674,1601045348
6700168067,1601044523
6699738401,1601043583
6699173961,1601041749
6698977926,1601041117
6698589600,1601039832
6698206251,1601038316
6697997081,1601037352
6697525222,1601034554
6697414348,1601033703
6697283852,1601032616
6697152876,1601030948
6697102273,1601030113
6697053794,1601029109
6696991789,1601027347
6696962121,1601026516
6696937024,1601025489
6696093447,1601023754
6695271099,1601022895
6695246968,1601022045
6695944014,1601020165
6695918640,1601019311
6695875086,1601018290
6695766744,1601016557
6695711331,1601015718
6695647078,1601014853
6695428188,1601012942
6695339939,1601012118
6695178375,1601011061
6694830297,1601009366
6694663042,1601008507
6694484959,1601007610
6693977452,1601005760
6693757016,1601004931
6693400841,1601003887
6692504463,1601002158
6692193582,1601001315
6691758501,1601000404
6690811118,1600998550
6690517741,1600997905
6690205261,1600997183
6689289071,1600995208
6687478955,1600991357
6687156427,1600990505
6686661829,1600989420
6685961100,1600987754
6685568057,1600986904
6685152332,1600985875
6684255554,1600984157
6683862050,1600983329
6683269847,1600982253
6682358954,1600980554
6681902979,1600979696
6681381721,1600978785
6680360997,1600976958
6679955086,1600976146
6679352574,1600975005
6678350219,1600973342
6677773537,1600972478
6677239837,1600971574
6676140150,1600969755
6675620008,1600968921
6674956605,1600967863
6673938540,1600966139
6673385197,1600965302
6672890756,1600964378
6671789726,1600962547
6671328115,1600961713
6670820841,1600960689
6669928812,1600958955
6669504415,1600958113
6669126015,1600957183
6668503920,1600955353
6668274656,1600954518
6668005884,1600953444
6667572005,1600951747
6667440465,1600951062
6667290781,1600950243
6666976613,1600948142
6666863255,1600947307
6666735726,1600946224
6666623333,1600944553
6666581041,1600943725
6666545564,1600942729
6666491065,1600940946
6666457875,1600940112
6666435692,1600939125
6665717444,1600937341
6664915874,1600936510
6664893777,1600935590
6665430097,1600933759
6665390467,1600932906
6665342513,1600931906
6665256736,1600930145
6665205412,1600929301
6665142256,1600928417
6664953499,1600926559
6664859428,1600925702
6664725935,1600924656
6664473439,1600922945
6664313609,1600922108
6664126065,1600921177
6663700366,1600919354
6663484819,1600918508
6663196473,1600917487
6662646445,1600915739
6662385324,1600914899
6662049473,1600914036
6661165393,1600912140
6660884529,1600911575
6660541296,1600910836
6659699229,1600908825
6658152235,1600904944
6657850131,1600904107
6657437415,1600903027
6656752164,1600901360
6656408944,1600900513
6655935765,1600899483
6655117917,1600897744
6654714545,1600896921
6654157820,1600895860
6653283892,1600894160
6652917796,1600893304
6652432135,1600892371
6651586312,1600890545
6651265856,1600889776
6650753279,1600888622
6649900000,1600886948
6649440368,1600886078
6648965882,1600885159
6648173373,1600883349
6647789077,1600882517
6647231088,1600881424
6646463264,1600879754
6646079781,1600878907
6645670980,1600877996
6644755202,1600876148
6644340941,1600875317
6643917445,1600874306
6643074609,1600872543
6642772887,1600871723
6642468554,1600870788
6641893377,1600868948
6641650833,1600868108
6641401587,1600867046
6640971859,1600865343
6640831665,1600864658
6640701441,1600863828
6640436161,1600861744
6640352701,1600860906
6640256637,1600859822
6640119998,1600858156
6640070314,1600857321
6640020091,1600856311
6639971532,1600854564
6639948934,1600853734
6639925877,1600852677
6639519489,1600850945
6638494118,1600850092
6638478754,1600849188
6638990701,1600847354
6638969769,1600846502
6638931336,1600845532
6638845413,1600843745
6638811996,1600842880
6638753772,1600842014
6638562776,1600840156
6638469014,1600839308
6638331893,1600838245
6638096597,1600836549
6637964183,1600835715
6637762212,1600834788
6637280791,1600832938
6636996483,1600832121
6636646194,1600831067
6636108102,1600829382
6635781658,1600828504
6635468021,1600827602
6634693246,1600825737
6634312709,1600825015
6633968356,1600824305
6632821357,1600822326
6630694324,1600818569
6630204964,1600817712
6629651703,1600816601
6628871489,1600814951
6628416404,1600814104
6627877049,1600813055
6627025193,1600811355
6626598538,1600810534
6626116123,1600809472
6625228195,1600807754
6624681601,1600806899
6624261891,1600805972
6623248185,1600804150
6622775708,1600803362
6622060191,1600802213
6621148479,1600800552
6620635528,1600799674
6620116722,1600798771
6619031307,1600796949
6618482725,1600796114
6617912180,1600795028
6616968433,1600793338
6616474147,1600792500
6615981433,1600791600
6614895445,1600789745
6614478907,1600788920
6613897630,1600787937
6612822730,1600786167
6612357026,1600785339
6611898093,1600784439
6611063072,1600782552
6610698608,1600781709
6610300904,1600780653
6609806813,1600778943
6609638223,1600778240
6609478320,1600777430
6609087127,1600775339
6608966454,1600774496
6608818524,1600773408
6608652653,1600771756
6608575407,1600770905
6608522471,1600769914
6608446266,1600768145
6608419322,1600767316
6608341374,1600766275
6607535253,1600764548
6606891913,1600763699
6606870965,1600762815
6607264612,1600760949
6607238421,1600760111
6607207012,1600759082
6607094865,1600757342
6607028132,1600756486
6606960748,1600755631
6606646536,1600753740
6606537876,1600752917
6606381605,1600751852
6605992534,1600750155
6605759258,1600749298
6605476693,1600748362
6604873484,1600746539
6604550183,1600745709
6604068203,1600744669
6603073276,1600742942
6602661859,1600742102
6602142974,1600741216
6601104590,1600739345
6600591952,1600738626
6600196432,1600737919
6598886552,1600735956
6596294172,1600732146
6595811720,1600731316
6595200542,1600730206
6594186664,1600728563
6593705921,1600727711
6593068545,1600726656
6592048588,1600724959
6591494686,1600724127
6590892309,1600723054
6589811756,1600721348
6589218602,1600720493
6588581502,1600719578
6587272552,1600717752
6586720197,1600716961
6585859244,1600715814
6584615853,1600714138
6583986968,1600713271
6583213053,1600712371
6581777546,1600710551
6581086825,1600709719
6580335905,1600708622
6579098475,1600706951
6578350823,1600706096
6577772394,1600705178
6576452130,1600703341
6575784077,1600702512
6574969710,1600701484
6573714378,1600699760
6573214020,1600698865
6572778934,1600697945
6571856165,1600696151
6571428828,1600695295
6571020616,1600694237
6570487160,1600692543
6570321400,1600691843
6570117198,1600691034
6569799784,1600688962
6569684647,1600688113
6569516141,1600686993
6569358105,1600685347
6569249742,1600684496
6569201208,1600683503
6569150736,1600681759
6569123292,1600680906
6569098323,1600679910
6568319033,1600678158
6567683611,1600677288
6567664442,1600676386
6567911575,1600674550
6567890589,1600673660
6567844322,1600672676
6567731832,1600670948
6567679291,1600670087
6567607476,1600669216
6567443357,1600667362
6567349983,1600666503
6567164611,1600665447
6566833253,1600663751
6566589946,1600662927
6566367215,1600661994
6565819743,1600660143
6565488287,1600659319
6565148443,1600658295
6564445994,1600656537
6564082091,1600655714
6563645916,1600654817
6562674323,1600652939
6562287308,1600652260
6561823039,1600651542
6560493217,1600649586
6558200442,1600645747
6557716163,1600644918
6556914755,1600643779
6555874644,1600642143
6555302202,1600641294
6554634668,1600640246
6553541403,1600638546
6553067620,1600637723
6552355384,1600636633
6551236389,1600634939
6550659638,1600634087
6550035893,1600633158
6548787046,1600631368
6548164074,1600630538
6547389574,1600629405
6546135110,1600627765
6545519418,1600626881
6544823957,1600625940
6543436242,1600624156
6542820057,1600623304
6541917955,1600622200
6540695981,1600620561
6540097236,1600619701
6539437631,1600618716
6538230989,1600616949
6537621990,1600616127
6536859071,1600615017
6535795039,1600613349
6535302938,1600612584
6534738375,1600611511
6533802147,1600609747
6533470238,1600608902
6533012615,1600607784
6532363600,1600606152
6532132864,1600605386
6531776805,1600604586
6531325329,1600602546
6531188745,1600601714
6531019858,1600600572
6530852910,1600598963
6530795843,1600598111
6530726079,1600597058
6530653196,1600595363
6530611343,1600594514
6530507122,1600593451
6529541147,1600591759
6529086246,1600590907
6529038829,1600589942
6529498435,1600588154
6529446757,1600587305
6529381875,1600586277
6529198769,1600584558
6529113789,1600583666
6529028391,1600582796
6528681590,1600580944
6528482842,1600580096
6528216233,1600579009
6527776284,1600577350
6527542966,1600576527
6527165106,1600575561
6526392551,1600573746
6525996574,1600572920
6525474593,1600571861
6524489471,1600570169
6523960571,1600569315
6523413616,1600568382
6522053291,1600566540
6521547974,1600565820
6520951124,1600565114
6519254930,1600563217
6515639677,1600559353
6514872364,1600558525
6513783745,1600557379
6512231235,1600555752
6511365588,1600554899
6510372375,1600553840
6508553567,1600552152
6507688632,1600551325
6506383664,1600550222
6504513459,1600548554
6503598429,1600547700
6502444887,1600546736
6500306811,1600544956
6499389293,1600544156
6498003830,1600542979
6495967606,1600541355
6494702029,1600540489
6493387755,1600539539
6490881654,1600537749
6489757535,1600536894
6488378987,1600535806
6486028433,1600534146
6484861364,1600533295
6483385438,1600532338
6480832351,1600530547
6479662851,1600529720
6478229797,1600528634
6475987762,1600526941
6475014272,1600526113
6473705801,1600525122
6471749981,1600523365
6470875232,1600522486
6469986261,1600521404
6468768810,1600519743
6468304828,1600518995
6467770790,1600518166
6466519720,1600516157
6466172114,1600515305
6465822009,1600514163
6465427352,1600512551
6465281369,1600511702
6465137861,1600510657
6464961663,1600508952
6464878943,1600508126
6464726363,1600507042
6463525139,1600505347
6463272656,1600504493
6463188445,1600503534
6463480555,1600501750
6463367946,1600500893
6463261255,1600500190
6463142978,1600499671
6462928301,1600498662
6462854366,1600498328
6462786472,1600497996
6462705432,1600497657
6462585579,1600497316
6462444301,1600496953
6462305273,1600496489
6462172041,1600496149
6461181302,1600494027
